Gender,Height
Male,73.84701702
Male,68.78190405
Male,74.11010539
Male,71.7309784
Male,69.88179586
Male,67.25301569
Male,68.78508125
Male,500
Male,550
